nll,ece,brier,accuracy,balanced_accuracy,macro_f1,weighted_f1,model,calibration_method,temperature,partition
0.35395610332489014,0.05516628851297451,0.19937892655649805,0.8308702791461412,0.44446904219376127,0.27185544230861447,0.8608736331304159,cnn_unweighted,uncalibrated,1.0,val
0.352737158536911,0.055211185115238086,0.20001699780259324,0.8308702791461412,0.44446904219376127,0.27185544230861447,0.8608736331304159,cnn_unweighted,temperature_scaling,0.9691917300224304,val
0.38934269547462463,0.021693107901015043,0.18008533251725745,0.8926228518533424,0.3401830727160976,0.3081482062543438,0.8771838350704267,cnn_unweighted,uncalibrated,1.0,test
0.39014533162117004,0.024769023540571998,0.18017289581745327,0.8926228518533424,0.3401830727160976,0.3081482062543438,0.8771838350704267,cnn_unweighted,temperature_scaling,0.9691917300224304,test
0.5432618260383606,0.13690473621922175,0.2866246223257421,0.8132183908045977,0.44446098844975246,0.26609739156448525,0.8492172116206542,cnn_focal,uncalibrated,1.0,val
0.5429622530937195,0.13374114261973766,0.28692277467958843,0.8132183908045977,0.44446098844975246,0.26609739156448525,0.8492172116206542,cnn_focal,temperature_scaling,0.9854227900505066,val
0.4655260443687439,0.08100216903535203,0.21862348870026363,0.8756992795910975,0.35160255502130455,0.31053288318035743,0.8693962888457175,cnn_focal,uncalibrated,1.0,test
0.4640727937221527,0.07741514923057073,0.21769541097770584,0.8756992795910975,0.35160255502130455,0.31053288318035743,0.8693962888457175,cnn_focal,temperature_scaling,0.9854227900505066,test
1.4904229640960693,0.16285781155543763,0.5052924019369062,0.7198275862068966,0.4194459541554636,0.2538788209453112,0.7895295328340428,cnn_weighted_inverse,uncalibrated,1.0,val
1.2817237377166748,0.15336885626545585,0.5010869109737067,0.7198275862068966,0.4194459541554636,0.2538788209453112,0.7895295328340428,cnn_weighted_inverse,temperature_scaling,1.3162012100219727,val
0.6549884676933289,0.012035244035088474,0.34982109018655794,0.7620638306435384,0.3371529679482562,0.30635086822713553,0.808240230660341,cnn_weighted_inverse,uncalibrated,1.0,test
0.663093626499176,0.06610019371107215,0.3566555292780928,0.7620638306435384,0.3371529679482562,0.30635086822713553,0.808240230660341,cnn_weighted_inverse,temperature_scaling,1.3162012100219727,test
1.150787353515625,0.1862144600080054,0.4036334666323861,0.7947454844006568,0.44229885283256065,0.2592585825982602,0.8359598905377357,cnn_weighted_sqrt_inverse,uncalibrated,1.0,val
0.9491581916809082,0.16226498654788157,0.3965632136896762,0.7947454844006568,0.44229885283256065,0.2592585825982602,0.8359598905377357,cnn_weighted_sqrt_inverse,temperature_scaling,1.3127614259719849,val
0.5244374871253967,0.05979717585020211,0.23239549325083583,0.8610496236970258,0.3453931242090573,0.28204182134521955,0.862908668666448,cnn_weighted_sqrt_inverse,uncalibrated,1.0,test
0.4874075949192047,0.022022404416243535,0.22688700782912138,0.8610496236970258,0.3453931242090573,0.28204182134521955,0.862908668666448,cnn_weighted_sqrt_inverse,temperature_scaling,1.3127614259719849,test
1.4391571283340454,0.08492994496265462,0.5199459023684324,0.6865763546798029,0.3957995421040091,0.2456936451192681,0.7682433857341173,cnn_oversampling,uncalibrated,1.0,val
1.2831454277038574,0.06870696613525329,0.5271487011217758,0.6865763546798029,0.3957995421040091,0.2456936451192681,0.7682433857341173,cnn_oversampling,temperature_scaling,1.3015036582946777,val
0.6390631198883057,0.04612573196375859,0.34962549850637065,0.7643377470117116,0.3477633090843665,0.3075439353611721,0.8097236572945242,cnn_oversampling,uncalibrated,1.0,test
0.6604743599891663,0.10213081746539025,0.3641356054530564,0.7643377470117116,0.3477633090843665,0.3075439353611721,0.8097236572945242,cnn_oversampling,temperature_scaling,1.3015036582946777,test
