partition,aami_class,contributing_records,total_partition_records,record_coverage_pct,total_beats,median_beats_per_record,min_beats_per_record,max_beats_per_record
train,N,17,17,100.0,36952,2165.0,1507,3194
train,S,13,17,76.47058823529412,821,3.0,1,383
train,V,12,17,70.58823529411765,3073,136.5,1,992
train,F,8,17,47.05882352941176,408,3.5,1,372
train,Q,3,17,17.647058823529413,8,2.0,2,4
val,N,5,5,100.0,8900,1740.0,1542,2255
val,S,3,5,60.0,123,12.0,4,107
val,V,5,5,100.0,715,43.0,1,444
val,F,2,5,40.0,6,3.0,2,4
val,Q,0,5,0.0,0,0.0,0,0
test,N,22,22,100.0,44242,2070.5,398,2747
test,S,16,22,72.72727272727273,1837,14.5,1,1382
test,V,16,22,72.72727272727273,3220,52.5,1,830
test,F,7,22,31.818181818181817,388,2.0,1,362
test,Q,2,22,9.090909090909092,7,3.5,2,5
