model,partition,class,precision,recall,f1,support,pr_auc
logistic_regression,val,N,0.9862422444024818,0.8215730337078652,0.8964079931347309,8900,0.9950970668478124
logistic_regression,val,S,0.16666666666666666,0.024390243902439025,0.0425531914893617,123,0.025196387273708154
logistic_regression,val,V,0.26512455516014233,0.8335664335664336,0.4022949713128586,715,0.8211697445338857
logistic_regression,val,F,0.0,0.0,0.0,6,0.0010173667140082163
logistic_regression,val,Q,0.0,0.0,0.0,0,
logistic_regression,test,N,0.9542299301438991,0.9787532209212965,0.9663360149964852,44242,0.9894347895727099
logistic_regression,test,S,0.4973958333333333,0.10397387044093631,0.17199459702836561,1837,0.19048350661058236
logistic_regression,test,V,0.8148041474654378,0.8785714285714286,0.8454871488344292,3220,0.9358430930728326
logistic_regression,test,F,0.0,0.0,0.0,388,0.011919865575420486
logistic_regression,test,Q,0.0,0.0,0.0,7,0.002764115502523646
random_forest,val,N,0.9976477099764771,0.8101123595505618,0.8941526632355676,8900,0.9941639051541267
random_forest,val,S,0.21428571428571427,0.024390243902439025,0.043795620437956206,123,0.028377781293367467
random_forest,val,V,0.2796644027167399,0.9790209790209791,0.435052827843381,715,0.6779917720432895
random_forest,val,F,0.0,0.0,0.0,6,0.00969499653286032
random_forest,val,Q,0.0,0.0,0.0,0,
random_forest,test,N,0.9513762659049597,0.9937389810587225,0.9720963141486281,44242,0.9727638015736652
random_forest,test,S,0.4660493827160494,0.08219923788786064,0.13975011568718185,1837,0.3329131427163764
random_forest,test,V,0.9417011787193373,0.9180124223602485,0.9297059286051266,3220,0.9777421773634548
random_forest,test,F,0.631578947368421,0.030927835051546393,0.05896805896805897,388,0.1021205559634103
random_forest,test,Q,0.0,0.0,0.0,7,0.010197359753761202
xgboost,val,N,0.9975172413793103,0.8125842696629213,0.8956037151702786,8900,0.9963266144298646
xgboost,val,S,0.15625,0.04065040650406504,0.06451612903225806,123,0.03470650874363387
xgboost,val,V,0.284781721746226,0.9762237762237762,0.4409349336702464,715,0.8071623199718146
xgboost,val,F,0.0,0.0,0.0,6,0.021969029308764407
xgboost,val,Q,0.0,0.0,0.0,0,
xgboost,test,N,0.9575212283866427,0.9838388861263053,0.9705016722408026,44242,0.971708402236682
xgboost,test,S,0.5974025974025974,0.10016330974414807,0.17156177156177158,1837,0.301468278096074
xgboost,test,V,0.9269123567668008,0.9295031055900621,0.9282059233989766,3220,0.977844268514229
xgboost,test,F,0.21757925072046108,0.38917525773195877,0.27911275415896486,388,0.150348197797752
xgboost,test,Q,0.0,0.0,0.0,7,0.02806046705466444
