record_id,detected_peaks,valid_216_beats,boundary_rejected,segmentation_success_rate_pct
100,2273,2272,1,99.96
103,2080,2079,1,99.95
105,2635,2635,0,100.0
111,2111,2111,0,100.0
113,1795,1794,1,99.94
117,1535,1534,1,99.93
121,1861,1860,1,99.95
123,1519,1518,1,99.93
200,2599,2598,1,99.96
202,2117,2116,1,99.95
210,2603,2601,2,99.92
212,2748,2747,1,99.96
213,3248,3247,1,99.97
214,2255,2253,2,99.91
219,2152,2152,0,100.0
221,2420,2420,0,100.0
222,2429,2428,1,99.96
228,2062,2062,0,100.0
231,1571,1570,1,99.94
232,1780,1780,0,100.0
233,3073,3071,2,99.93
234,2750,2750,0,100.0
AGGREGATE_DS2,49616,49598,18,99.96
