record_id,total_classified,pred_N,pred_S,pred_V,pred_F,pred_Q,pct_N,pct_S,pct_V,pct_F,pct_Q
100,2272,2271,0,1,0,0,99.96,0.0,0.04,0.0,0.0
103,2079,2079,0,0,0,0,100.0,0.0,0.0,0.0,0.0
105,2635,2391,11,223,10,0,90.74,0.42,8.46,0.38,0.0
111,2111,1189,7,915,0,0,56.32,0.33,43.34,0.0,0.0
113,1794,1736,58,0,0,0,96.77,3.23,0.0,0.0,0.0
117,1534,1259,0,275,0,0,82.07,0.0,17.93,0.0,0.0
121,1860,1856,0,4,0,0,99.78,0.0,0.22,0.0,0.0
123,1518,1515,0,3,0,0,99.8,0.0,0.2,0.0,0.0
200,2598,1814,0,778,6,0,69.82,0.0,29.95,0.23,0.0
202,2116,2089,15,10,2,0,98.72,0.71,0.47,0.09,0.0
210,2601,2430,0,167,4,0,93.43,0.0,6.42,0.15,0.0
212,2747,2564,175,8,0,0,93.34,6.37,0.29,0.0,0.0
213,3247,3166,0,81,0,0,97.51,0.0,2.49,0.0,0.0
214,2253,1257,0,929,67,0,55.79,0.0,41.23,2.97,0.0
219,2152,2091,0,61,0,0,97.17,0.0,2.83,0.0,0.0
221,2420,2028,0,391,1,0,83.8,0.0,16.16,0.04,0.0
222,2428,2141,133,119,35,0,88.18,5.48,4.9,1.44,0.0
228,2062,1514,2,521,25,0,73.42,0.1,25.27,1.21,0.0
231,1570,1488,16,63,3,0,94.78,1.02,4.01,0.19,0.0
232,1780,1570,0,210,0,0,88.2,0.0,11.8,0.0,0.0
233,3071,2234,0,837,0,0,72.75,0.0,27.25,0.0,0.0
234,2750,2743,0,0,7,0,99.75,0.0,0.0,0.25,0.0
AGGREGATE_DS2,49598,43425,417,5596,160,0,87.55,0.84,11.28,0.32,0.0
