feature_index,feature_name,feature_group,description,train_mean,train_std,train_min,train_max,missing_count_before_imputation,finite_count,unique_count,is_constant
0,morph_mean,morphology,Basic mean amplitude of beat,-4.660534653512516e-13,9.180478599546404e-09,-7.064254248234647e-08,7.064254248234647e-08,0,41262,225,False
1,morph_std,morphology,Standard deviation of beat amplitude,1.0,5.1403930001470144e-08,0.9999989867210388,1.0,0,41262,12,False
2,morph_median,morphology,Median amplitude of beat,-0.18309958279132843,0.12333818525075912,-0.5535907745361328,0.7850236296653748,0,41262,41201,False
3,morph_min,morphology,Minimum amplitude of beat waveform,-1.712853193283081,0.8868066072463989,-6.938635349273682,-0.4573616087436676,0,41262,41209,False
4,morph_max,morphology,Maximum amplitude of beat waveform,4.49473237991333,1.019768238067627,0.9058634638786316,6.4718804359436035,0,41262,41153,False
5,morph_ptp,morphology,Peak-to-peak amplitude (max - min),6.20758581161499,1.233817219734192,2.328429937362671,9.87038516998291,0,41262,41125,False
6,morph_rms,morphology,Root Mean Square amplitude,1.0,5.13813134261909e-08,0.9999989867210388,1.0,0,41262,12,False
7,morph_energy,morphology,Total signal energy (sum of squared amplitudes),216.0,1.8947355783893727e-05,215.9995574951172,216.00003051757812,0,41262,19,False
8,morph_abs_mean,morphology,Mean of absolute amplitudes,0.6021218299865723,0.08784482628107071,0.3885500431060791,0.9765708446502686,0,41262,41047,False
9,morph_skewness,morphology,Statistical skewness of amplitude distribution,2.4169540405273438,1.3228321075439453,-3.1603407859802246,5.113109588623047,0,41262,41211,False
10,morph_kurtosis,morphology,Statistical kurtosis of amplitude distribution,9.36155891418457,5.894433975219727,-1.867619514465332,26.485713958740234,0,41262,41202,False
11,morph_p05,morphology,5th percentile of amplitude distribution,-0.9176179766654968,0.4822511374950409,-3.098938465118408,-0.3590505123138428,0,41262,41156,False
12,morph_p10,morphology,10th percentile of amplitude distribution,-0.7120119333267212,0.21354222297668457,-2.1737029552459717,-0.12989097833633423,0,41262,41129,False
13,morph_p25,morphology,25th percentile of amplitude distribution,-0.4892802834510803,0.1358737051486969,-1.205672025680542,0.2634938955307007,0,41262,41172,False
14,morph_p50,morphology,50th percentile of amplitude distribution,-0.18309958279132843,0.12333818525075912,-0.5535907745361328,0.7850236296653748,0,41262,41201,False
15,morph_p75,morphology,75th percentile of amplitude distribution,0.16711574792861938,0.19783265888690948,-0.1937132179737091,1.3772233724594116,0,41262,41245,False
16,morph_p90,morphology,90th percentile of amplitude distribution,0.75956130027771,0.41676634550094604,-0.06580975651741028,2.2260518074035645,0,41262,41217,False
17,morph_p95,morphology,95th percentile of amplitude distribution,1.6323179006576538,0.7309368252754211,0.23867850005626678,3.0289528369903564,0,41262,41202,False
18,morph_zero_crossings,morphology,Number of zero-level baseline crossings,5.8018999099731445,2.318077802658081,1.0,36.0,0,41262,32,False
19,morph_diff1_mean,morphology,Mean of first derivative (sample-to-sample diff),1.7271271644858643e-05,0.002485051518306136,-0.03075125627219677,0.02819550596177578,0,41262,41238,False
20,morph_diff1_std,morphology,Standard deviation of first derivative,0.19280767440795898,0.062098558992147446,0.008045192807912827,0.45433610677719116,0,41262,41197,False
21,morph_diff1_rms,morphology,Root Mean Square of first derivative,0.19282832741737366,0.062084123492240906,0.016946110874414444,0.4543362855911255,0,41262,41185,False
22,morph_diff1_max_abs,morphology,Maximum absolute first derivative (slope magnitude),1.0369786024093628,0.4234941303730011,0.03465878963470459,2.164992332458496,0,41262,41195,False
23,shape_max_location,shape,Sample index of maximum peak amplitude (0..215),75.45281219482422,18.319419860839844,0.0,215.0,0,41262,173,False
24,shape_min_location,shape,Sample index of minimum valley amplitude (0..215),89.54721069335938,29.367692947387695,0.0,215.0,0,41262,213,False
25,shape_norm_max_location,shape,Normalized location of maximum amplitude (0.0..1.0),0.34931856393814087,0.08481212705373764,0.0,0.9953703880310059,0,41262,173,False
26,shape_norm_min_location,shape,Normalized location of minimum amplitude (0.0..1.0),0.4145703911781311,0.13596154749393463,0.0,0.9953703880310059,0,41262,213,False
27,shape_pos_area,shape,Area under positive signal deflection,65.02915954589844,9.4872407913208,41.963401794433594,105.46965026855469,0,41262,41088,False
28,shape_neg_area,shape,Area under negative signal deflection,65.02915954589844,9.4872407913208,41.963401794433594,105.46965026855469,0,41262,41102,False
29,shape_total_abs_area,shape,Total absolute area of beat waveform,130.05831909179688,18.9744815826416,83.92680358886719,210.93930053710938,0,41262,41044,False
30,shape_area_ratio,shape,Ratio of positive area to negative area,1.0,6.768960503222843e-08,0.9999997615814209,1.000000238418579,0,41262,7,False
31,shape_pre_peak_energy,shape,Signal energy in pre-annotation window (0..72),68.35173034667969,21.309377670288086,0.5791617631912231,190.11495971679688,0,41262,41195,False
32,shape_post_peak_energy,shape,Signal energy in post-annotation window (72..216),147.64825439453125,21.309377670288086,25.88504981994629,215.42083740234375,0,41262,41096,False
33,shape_energy_ratio_pre_post,shape,Ratio of pre-peak energy to post-peak energy,0.49477601051330566,0.22871753573417664,0.0026885131374001503,7.344585418701172,0,41262,41221,False
34,qrs_width_25pct,qrs,QRS width proxy: number of samples above 25% max amplitude,18.47464942932129,12.351200103759766,6.0,151.0,0,41262,124,False
35,qrs_width_50pct,qrs,QRS width proxy: number of samples above 50% max amplitude,11.65401554107666,7.644028663635254,5.0,125.0,0,41262,92,False
36,qrs_width_75pct,qrs,QRS width proxy: number of samples above 75% max amplitude,7.349837779998779,4.536499977111816,2.0,117.0,0,41262,56,False
37,qrs_max_slope,qrs,Maximum absolute first derivative across beat,1.0369786024093628,0.4234941303730011,0.03465878963470459,2.164992332458496,0,41262,41195,False
38,qrs_slope_before_center,qrs,Maximum absolute slope prior to annotation center,0.716684103012085,0.3338214159011841,0.009115219116210938,1.5893374681472778,0,41262,41142,False
39,qrs_slope_after_center,qrs,Maximum absolute slope following annotation center,1.0178593397140503,0.42882370948791504,0.02101808786392212,2.164992332458496,0,41262,41190,False
40,qrs_pos_neg_peak_separation,qrs,Distance in samples between max peak and min valley,24.293127059936523,28.584793090820312,6.0,215.0,0,41262,170,False
41,qrs_early_window_energy,qrs,Signal energy in P-wave / early window (samples 0..54),7.347695827484131,7.419294834136963,0.027592500671744347,173.0677947998047,0,41262,41237,False
42,qrs_central_window_energy,qrs,Signal energy in QRS central window (samples 54..90),165.9727783203125,31.66126823425293,0.8454583883285522,208.95556640625,0,41262,41098,False
43,qrs_late_window_energy,qrs,Signal energy in T-wave / late window (samples 90..216),42.67951202392578,29.5087833404541,1.3988348245620728,213.18617248535156,0,41262,41239,False
44,rr_prev,rr,Sequential RR interval to previous beat in seconds,0.7436156272888184,0.19678236544132233,0.25,3.7722222805023193,17,41245,511,False
45,rr_next,rr,Sequential RR interval to next beat in seconds,0.7436156272888184,0.19678236544132233,0.25,3.7722222805023193,17,41245,511,False
46,rr_ratio_prev,rr,Ratio of rr_prev to local mean RR interval,1.0000486373901367,0.13892585039138794,0.30512169003486633,2.9772605895996094,17,41245,22990,False
47,rr_ratio_next,rr,Ratio of rr_next to local mean RR interval,1.000516414642334,0.14198440313339233,0.322250634431839,2.961599111557007,17,41245,23384,False
48,local_rr_mean,rr,Mean RR interval across local record window,0.7436187267303467,0.16683878004550934,0.2866666615009308,2.0,0,41262,1759,False
49,local_rr_std,rr,Standard deviation of RR intervals in local window,0.062201932072639465,0.08371762186288834,0.0011111111380159855,1.2524858713150024,0,41262,13483,False
50,local_rr_median,rr,Median RR interval in local window,0.7396423816680908,0.1782100647687912,0.28611111640930176,1.9166666269302368,0,41262,412,False
51,local_rr_min,rr,Minimum RR interval in local window,0.6637494564056396,0.1837920844554901,0.25,1.8055555820465088,0,41262,351,False
52,local_rr_max,rr,Maximum RR interval in local window,0.8305995464324951,0.21332810819149017,0.3027777671813965,3.7722222805023193,0,41262,465,False
53,normalized_rr_prev,rr,Z-score normalized rr_prev relative to local window,0.0009646494872868061,0.9769243597984314,-1.9999819993972778,1.9999977350234985,17,41245,28374,False
54,normalized_rr_next,rr,Z-score normalized rr_next relative to local window,-0.001463077263906598,0.9791412353515625,-1.9999977350234985,1.9999910593032837,17,41245,28402,False
55,has_prev_rr,rr,Flag (1.0 or 0.0) indicating availability of previous beat context,0.9995880126953125,0.02029363624751568,0.0,1.0,0,41262,2,False
56,has_next_rr,rr,Flag (1.0 or 0.0) indicating availability of next beat context,0.9995880126953125,0.02029363438487053,0.0,1.0,0,41262,2,False
57,has_full_rr_context,rr,Flag (1.0 or 0.0) indicating availability of both prev and next context,0.999176025390625,0.02869361639022827,0.0,1.0,0,41262,2,False
58,dwt_cA4_mean,wavelet,Mean of DWT cA4 coefficient band,-0.14848940074443817,0.4340837895870209,-2.661384344100952,3.434767484664917,0,41262,41241,False
59,dwt_cA4_std,wavelet,Standard deviation of DWT cA4 coefficient band,2.979637384414673,0.402940958738327,1.5811231136322021,6.836889266967773,0,41262,41000,False
60,dwt_cA4_energy,wavelet,Energy (sum of squared coefficients) of DWT cA4 band,185.02157592773438,56.68053436279297,50.99403762817383,1094.574462890625,0,41262,41148,False
61,dwt_cA4_rms,wavelet,Root Mean Square of DWT cA4 coefficient band,3.012732744216919,0.41775715351104736,1.5967786312103271,7.397886276245117,0,41262,41017,False
62,dwt_cA4_abs_mean,wavelet,Absolute mean of DWT cA4 coefficient band,1.9599347114562988,0.4313206672668457,0.9542508125305176,5.363016605377197,0,41262,41138,False
63,dwt_cD4_mean,wavelet,Mean of DWT cD4 coefficient band,-0.23629476130008698,0.1753406822681427,-0.9132529497146606,0.6868566870689392,0,41262,41236,False
64,dwt_cD4_std,wavelet,Standard deviation of DWT cD4 coefficient band,1.2078288793563843,0.5408111810684204,0.02616843953728676,3.359194755554199,0,41262,41203,False
65,dwt_cD4_energy,wavelet,Energy (sum of squared coefficients) of DWT cD4 band,36.758140563964844,27.733604431152344,0.0141108687967062,230.47312927246094,0,41262,41237,False
66,dwt_cD4_rms,wavelet,Root Mean Square of DWT cD4 coefficient band,1.2347790002822876,0.5596677660942078,0.026562068611383438,3.394651174545288,0,41262,41214,False
67,dwt_cD4_abs_mean,wavelet,Absolute mean of DWT cD4 coefficient band,0.5743494629859924,0.2443186491727829,0.01576569490134716,2.0521163940429688,0,41262,41200,False
68,dwt_cD3_mean,wavelet,Mean of DWT cD3 coefficient band,0.003402917878702283,0.009464418515563011,-0.205449178814888,0.12454546988010406,0,41262,41250,False
69,dwt_cD3_std,wavelet,Standard deviation of DWT cD3 coefficient band,0.542457640171051,0.28212887048721313,0.02286968193948269,2.2756476402282715,0,41262,41229,False
70,dwt_cD3_energy,wavelet,Energy (sum of squared coefficients) of DWT cD3 band,12.340618133544922,11.64594841003418,0.017276491969823837,171.40476989746094,0,41262,41244,False
71,dwt_cD3_rms,wavelet,Root Mean Square of DWT cD3 coefficient band,0.5425493717193604,0.28213173151016235,0.022880779579281807,2.2790534496307373,0,41262,41224,False
72,dwt_cD3_abs_mean,wavelet,Absolute mean of DWT cD3 coefficient band,0.2373252958059311,0.11448919773101807,0.01394510269165039,2.031036853790283,0,41262,41227,False
73,dwt_cD2_mean,wavelet,Mean of DWT cD2 coefficient band,-0.00010696559183998033,0.0007673729560337961,-0.013896981254220009,0.011533929035067558,0,41262,41253,False
74,dwt_cD2_std,wavelet,Standard deviation of DWT cD2 coefficient band,0.1005064845085144,0.05645400658249855,0.004987483844161034,0.4549235999584198,0,41262,41224,False
75,dwt_cD2_energy,wavelet,Energy (sum of squared coefficients) of DWT cD2 band,0.7840632796287537,0.7902623414993286,0.0014678335282951593,12.213932037353516,0,41262,41245,False
76,dwt_cD2_rms,wavelet,Root Mean Square of DWT cD2 coefficient band,0.10050947964191437,0.05645400285720825,0.004987838678061962,0.45498988032341003,0,41262,41224,False
77,dwt_cD2_abs_mean,wavelet,Absolute mean of DWT cD2 coefficient band,0.0438997782766819,0.02292417176067829,0.003270069370046258,0.41000160574913025,0,41262,41219,False
78,dwt_cD1_mean,wavelet,Mean of DWT cD1 coefficient band,-6.895373871884658e-08,3.550090332282707e-05,-0.000569748692214489,0.0007737583946436644,0,41262,41243,False
79,dwt_cD1_std,wavelet,Standard deviation of DWT cD1 coefficient band,0.006826332304626703,0.0038683314342051744,0.00035559694515541196,0.03788275271654129,0,41262,41233,False
80,dwt_cD1_energy,wavelet,Energy (sum of squared coefficients) of DWT cD1 band,0.006833610590547323,0.006894935853779316,1.4038915651326533e-05,0.15929654240608215,0,41262,41241,False
81,dwt_cD1_rms,wavelet,Root Mean Square of DWT cD1 coefficient band,0.006826401222497225,0.003868372645229101,0.0003556356532499194,0.037882767617702484,0,41262,41223,False
82,dwt_cD1_abs_mean,wavelet,Absolute mean of DWT cD1 coefficient band,0.003035549074411392,0.0016142852837219834,0.0002144311147276312,0.0268793273717165,0,41262,41219,False
