feature_1,group_1,feature_2,group_2,absolute_correlation
morph_median,morphology,morph_p50,morphology,1.0
morph_diff1_max_abs,morphology,qrs_max_slope,qrs,1.0
shape_max_location,shape,shape_norm_max_location,shape,0.9999999999999976
shape_min_location,shape,shape_norm_min_location,shape,0.999999999999991
shape_neg_area,shape,shape_total_abs_area,shape,0.999999999999965
shape_pos_area,shape,shape_total_abs_area,shape,0.9999999999999614
shape_pos_area,shape,shape_neg_area,shape,0.9999999999999308
morph_abs_mean,morphology,shape_pos_area,shape,0.9999999999999112
morph_abs_mean,morphology,shape_total_abs_area,shape,0.9999999999999105
morph_abs_mean,morphology,shape_neg_area,shape,0.9999999999999101
shape_pre_peak_energy,shape,shape_post_peak_energy,shape,0.9999999999998624
dwt_cD1_std,wavelet,dwt_cD1_rms,wavelet,0.999999995027984
dwt_cD2_std,wavelet,dwt_cD2_rms,wavelet,0.999999987921948
dwt_cD3_std,wavelet,dwt_cD3_rms,wavelet,0.9999997542592831
morph_diff1_std,morphology,morph_diff1_rms,morphology,0.9999978163311538
dwt_cD4_std,wavelet,dwt_cD4_rms,wavelet,0.9997700275329809
dwt_cA4_std,wavelet,dwt_cA4_rms,wavelet,0.9957499047291722
dwt_cD2_std,wavelet,dwt_cD1_rms,wavelet,0.9940068437380125
dwt_cD2_rms,wavelet,dwt_cD1_rms,wavelet,0.9940063007764948
dwt_cD2_std,wavelet,dwt_cD1_std,wavelet,0.9940049340261817
dwt_cD2_rms,wavelet,dwt_cD1_std,wavelet,0.9940043837485422
dwt_cD2_abs_mean,wavelet,dwt_cD1_abs_mean,wavelet,0.9881765632024267
morph_diff1_max_abs,morphology,qrs_slope_after_center,qrs,0.9861679914570585
qrs_max_slope,qrs,qrs_slope_after_center,qrs,0.9861679914570585
dwt_cD2_energy,wavelet,dwt_cD1_energy,wavelet,0.9831857126771445
dwt_cA4_energy,wavelet,dwt_cA4_rms,wavelet,0.9807792753206316
dwt_cD4_energy,wavelet,dwt_cD4_rms,wavelet,0.9779368053634998
morph_std,morphology,morph_rms,morphology,0.9776155391132113
dwt_cD4_std,wavelet,dwt_cD4_energy,wavelet,0.9772924649703192
morph_diff1_std,morphology,morph_diff1_max_abs,morphology,0.9768952674837412
morph_diff1_std,morphology,qrs_max_slope,qrs,0.9768952674837412
morph_diff1_rms,morphology,qrs_max_slope,qrs,0.9768575655848845
morph_diff1_rms,morphology,morph_diff1_max_abs,morphology,0.9768575655848845
qrs_central_window_energy,qrs,qrs_late_window_energy,qrs,0.9730206739699829
dwt_cA4_std,wavelet,dwt_cA4_energy,wavelet,0.9720353269947606
morph_diff1_std,morphology,qrs_slope_after_center,qrs,0.9652254180295122
morph_diff1_rms,morphology,qrs_slope_after_center,qrs,0.9651937661625916
dwt_cD4_std,wavelet,dwt_cD4_abs_mean,wavelet,0.9651542598549004
shape_pre_peak_energy,shape,shape_energy_ratio_pre_post,shape,0.9645576451543241
shape_post_peak_energy,shape,shape_energy_ratio_pre_post,shape,0.9645576447340951
local_rr_mean,rr,local_rr_median,rr,0.963514102562731
dwt_cD3_energy,wavelet,dwt_cD3_rms,wavelet,0.9629061684021938
dwt_cD3_std,wavelet,dwt_cD3_energy,wavelet,0.9628972212691634
dwt_cD4_rms,wavelet,dwt_cD4_abs_mean,wavelet,0.9623799425262172
dwt_cD1_energy,wavelet,dwt_cD1_rms,wavelet,0.9603443050853915
dwt_cD1_std,wavelet,dwt_cD1_energy,wavelet,0.9603407225468219
dwt_cD2_energy,wavelet,dwt_cD2_rms,wavelet,0.957367910325512
dwt_cD2_std,wavelet,dwt_cD2_energy,wavelet,0.9573601875488877
dwt_cD2_rms,wavelet,dwt_cD1_energy,wavelet,0.9520131015701476
dwt_cD2_std,wavelet,dwt_cD1_energy,wavelet,0.9520066608037491
morph_ptp,morphology,qrs_max_slope,qrs,0.9509631853118528
morph_ptp,morphology,morph_diff1_max_abs,morphology,0.9509631853118528
morph_diff1_rms,morphology,dwt_cD2_std,wavelet,0.9508288531730593
morph_diff1_rms,morphology,dwt_cD2_rms,wavelet,0.9508183519054592
morph_diff1_std,morphology,dwt_cD2_std,wavelet,0.9507015659189156
morph_diff1_std,morphology,dwt_cD2_rms,wavelet,0.9506910313743928
