experiment,true_class,predicted_class,count
cnn_unweighted,N,N,41933
cnn_unweighted,N,S,0
cnn_unweighted,N,V,2309
cnn_unweighted,N,F,0
cnn_unweighted,N,Q,0
cnn_unweighted,S,N,1714
cnn_unweighted,S,S,0
cnn_unweighted,S,V,123
cnn_unweighted,S,F,0
cnn_unweighted,S,Q,0
cnn_unweighted,V,N,795
cnn_unweighted,V,S,0
cnn_unweighted,V,V,2425
cnn_unweighted,V,F,0
cnn_unweighted,V,Q,0
cnn_unweighted,F,N,375
cnn_unweighted,F,S,0
cnn_unweighted,F,V,13
cnn_unweighted,F,F,0
cnn_unweighted,F,Q,0
cnn_unweighted,Q,N,1
cnn_unweighted,Q,S,0
cnn_unweighted,Q,V,6
cnn_unweighted,Q,F,0
cnn_unweighted,Q,Q,0
cnn_weighted_inverse,N,N,35164
cnn_weighted_inverse,N,S,5230
cnn_weighted_inverse,N,V,2392
cnn_weighted_inverse,N,F,758
cnn_weighted_inverse,N,Q,698
cnn_weighted_inverse,S,N,1659
cnn_weighted_inverse,S,S,100
cnn_weighted_inverse,S,V,33
cnn_weighted_inverse,S,F,21
cnn_weighted_inverse,S,Q,24
cnn_weighted_inverse,V,N,278
cnn_weighted_inverse,V,S,6
cnn_weighted_inverse,V,V,2594
cnn_weighted_inverse,V,F,333
cnn_weighted_inverse,V,Q,9
cnn_weighted_inverse,F,N,348
cnn_weighted_inverse,F,S,0
cnn_weighted_inverse,F,V,28
cnn_weighted_inverse,F,F,12
cnn_weighted_inverse,F,Q,0
cnn_weighted_inverse,Q,N,0
cnn_weighted_inverse,Q,S,1
cnn_weighted_inverse,Q,V,6
cnn_weighted_inverse,Q,F,0
cnn_weighted_inverse,Q,Q,0
cnn_weighted_sqrt_inverse,N,N,40152
cnn_weighted_sqrt_inverse,N,S,108
cnn_weighted_sqrt_inverse,N,V,3982
cnn_weighted_sqrt_inverse,N,F,0
cnn_weighted_sqrt_inverse,N,Q,0
cnn_weighted_sqrt_inverse,S,N,563
cnn_weighted_sqrt_inverse,S,S,2
cnn_weighted_sqrt_inverse,S,V,1272
cnn_weighted_sqrt_inverse,S,F,0
cnn_weighted_sqrt_inverse,S,Q,0
cnn_weighted_sqrt_inverse,V,N,584
cnn_weighted_sqrt_inverse,V,S,0
cnn_weighted_sqrt_inverse,V,V,2635
cnn_weighted_sqrt_inverse,V,F,1
cnn_weighted_sqrt_inverse,V,Q,0
cnn_weighted_sqrt_inverse,F,N,370
cnn_weighted_sqrt_inverse,F,S,0
cnn_weighted_sqrt_inverse,F,V,18
cnn_weighted_sqrt_inverse,F,F,0
cnn_weighted_sqrt_inverse,F,Q,0
cnn_weighted_sqrt_inverse,Q,N,3
cnn_weighted_sqrt_inverse,Q,S,0
cnn_weighted_sqrt_inverse,Q,V,4
cnn_weighted_sqrt_inverse,Q,F,0
cnn_weighted_sqrt_inverse,Q,Q,0
cnn_focal,N,N,40851
cnn_focal,N,S,488
cnn_focal,N,V,2763
cnn_focal,N,F,140
cnn_focal,N,Q,0
cnn_focal,S,N,1669
cnn_focal,S,S,19
cnn_focal,S,V,147
cnn_focal,S,F,2
cnn_focal,S,Q,0
cnn_focal,V,N,529
cnn_focal,V,S,2
cnn_focal,V,V,2646
cnn_focal,V,F,43
cnn_focal,V,Q,0
cnn_focal,F,N,362
cnn_focal,F,S,0
cnn_focal,F,V,25
cnn_focal,F,F,1
cnn_focal,F,Q,0
cnn_focal,Q,N,1
cnn_focal,Q,S,0
cnn_focal,Q,V,6
cnn_focal,Q,F,0
cnn_focal,Q,Q,0
cnn_oversampling,N,N,35083
cnn_oversampling,N,S,6209
cnn_oversampling,N,V,2330
cnn_oversampling,N,F,482
cnn_oversampling,N,Q,138
cnn_oversampling,S,N,1307
cnn_oversampling,S,S,174
cnn_oversampling,S,V,319
cnn_oversampling,S,F,32
cnn_oversampling,S,Q,5
cnn_oversampling,V,N,450
cnn_oversampling,V,S,5
cnn_oversampling,V,V,2724
cnn_oversampling,V,F,34
cnn_oversampling,V,Q,7
cnn_oversampling,F,N,324
cnn_oversampling,F,S,3
cnn_oversampling,F,V,59
cnn_oversampling,F,F,2
cnn_oversampling,F,Q,0
cnn_oversampling,Q,N,1
cnn_oversampling,Q,S,0
cnn_oversampling,Q,V,6
cnn_oversampling,Q,F,0
cnn_oversampling,Q,Q,0
