partition,aami_class,count,p2p_mean,p2p_std,p2p_median,rms_mean,rms_std,energy_mean,min_mean,max_mean
train,N,36952,6.36528205871582,1.1414145231246948,6.217554092407227,1.0,2.995795256310885e-08,216.0,-1.7078608274459839,4.657420635223389
train,S,821,6.463357925415039,1.364763617515564,6.243437767028809,1.0,2.7823624293432658e-08,216.0,-1.982619285583496,4.480738639831543
train,V,3073,4.375504016876221,0.6387226581573486,4.2279887199401855,1.0,3.342526611049834e-08,216.0,-1.8089045286178589,2.5665993690490723
train,F,408,5.251846790313721,0.6753111481666565,5.261569976806641,1.0,3.260064218579828e-08,216.0,-0.8886736631393433,4.363173007965088
train,Q,8,4.0505876541137695,1.1492090225219727,3.539945125579834,0.9999999403953552,9.254500810129684e-08,215.99998474121094,-2.2259135246276855,1.8246742486953735
val,N,8900,5.94244909286499,1.0238325595855713,5.753546714782715,1.0,2.992775449683904e-08,216.0,-2.1574044227600098,3.7850444316864014
val,S,123,5.115680694580078,0.24974946677684784,5.072497844696045,1.0,3.060382880448742e-08,216.0,-3.3495681285858154,1.7661120891571045
val,V,715,3.9990432262420654,0.41661807894706726,3.9734044075012207,1.0,2.871978033169853e-08,216.0,-1.5201653242111206,2.4788777828216553
val,F,6,5.232800006866455,0.1168535053730011,5.251818656921387,1.0,2.4333495218797907e-08,216.0,-3.822951555252075,1.4098480939865112
test,N,44242,5.9841742515563965,0.732538640499115,5.905216217041016,1.0,2.999038528628262e-08,216.0,-1.3785827159881592,4.605592250823975
test,S,1837,6.505197525024414,0.5292071104049683,6.584897994995117,1.0,2.095830531345655e-08,216.0,-2.218919277191162,4.286278247833252
test,V,3220,4.498145580291748,0.6535675525665283,4.297701358795166,1.0,2.966285705952032e-08,216.0,-2.2821662425994873,2.2159793376922607
test,F,388,5.243592262268066,0.5616056323051453,5.266817092895508,1.0,3.248013058509969e-08,216.0,-1.3147443532943726,3.9288480281829834
test,Q,7,4.2290873527526855,0.6015437245368958,4.100112438201904,1.0,3.1860022176033453e-08,216.0,-1.5968434810638428,2.632244110107422
