partition,record_id,total_beats,pct_of_partition,dominant_class,active_classes,count_N,pct_N,count_S,pct_S,count_V,pct_V,count_F,pct_F,count_Q,pct_Q
train,101,1865,4.519897242014444,N,3,1860,99.73190348525469,3,0.16085790884718498,0,0.0,0,0.0,2,0.10723860589812334
train,106,2027,4.912510300033929,N,2,1507,74.34632461766157,0,0.0,520,25.65367538233843,0,0.0,0,0.0
train,109,2531,6.133973147205661,N,3,2491,98.4195969972343,0,0.0,38,1.50138285262742,2,0.07902015013828526,0,0.0
train,112,2538,6.150937908971935,N,2,2536,99.92119779353821,2,0.07880220646178093,0,0.0,0,0.0,0,0.0
train,115,1952,4.730744995395279,N,1,1952,100.0,0,0.0,0,0.0,0,0.0,0,0.0
train,116,2411,5.843148659783821,N,3,2301,95.43757776856077,1,0.04147656574035669,109,4.52094566569888,0,0.0,0,0.0
train,118,2277,5.518394648829431,N,3,2165,95.08124725516029,96,4.216073781291173,16,0.7026789635485288,0,0.0,0,0.0
train,122,2475,5.99825505307547,N,1,2475,100.0,0,0.0,0,0.0,0,0.0,0,0.0
train,124,1618,3.921283505404488,N,4,1535,94.87021013597034,31,1.9159456118665017,47,2.904820766378245,5,0.30902348578491967,0,0.0
train,201,1963,4.757403906742281,N,4,1635,83.29088130412634,128,6.5206316861946,198,10.086602139582272,2,0.10188487009679062,0,0.0
train,203,2980,7.222141437642383,N,5,2529,84.86577181208054,2,0.06711409395973154,444,14.899328859060404,1,0.03355704697986577,4,0.1342281879194631
train,205,2655,6.434491784208231,N,4,2570,96.7984934086629,3,0.11299435028248588,71,2.6741996233521657,11,0.4143126177024482,0,0.0
train,208,2953,7.156705927972469,N,5,1585,53.67422959701999,2,0.06772773450728073,992,33.59295631561125,372,12.597358618354216,2,0.06772773450728073
train,209,3004,7.280306335126752,N,3,2620,87.21704394141145,383,12.749667110519308,1,0.033288948069241014,0,0.0,0,0.0
train,215,3362,8.14793272260191,N,4,3194,95.0029744199881,3,0.0892325996430696,164,4.878048780487805,1,0.0297441998810232,0,0.0
train,220,2046,4.958557510542388,N,2,1952,95.40566959921799,94,4.594330400782014,0,0.0,0,0.0,0,0.0
train,223,2605,6.313314914449129,N,4,2045,78.50287907869482,73,2.802303262955854,473,18.157389635316697,14,0.5374280230326296,0,0.0
val,108,1763,18.093185550082104,N,4,1740,98.69540555870675,4,0.22688598979013047,17,0.9642654566080544,2,0.11344299489506524,0,0.0
val,114,1879,19.28366174055829,N,4,1820,96.86003193187865,12,0.6386375731772219,43,2.2884513038850454,4,0.21287919105907396,0,0.0
val,119,1987,20.392036124794746,N,2,1543,77.65475591343734,0,0.0,444,22.34524408656266,0,0.0,0,0.0
val,207,1859,19.078407224958948,N,3,1542,82.94782140935986,107,5.755782678859602,210,11.296395911780527,0,0.0,0,0.0
val,230,2256,23.15270935960591,N,2,2255,99.95567375886525,0,0.0,1,0.044326241134751775,0,0.0,0,0.0
test,100,2272,4.571980520787218,N,3,2238,98.50352112676056,33,1.4524647887323943,1,0.04401408450704226,0,0.0,0,0.0
test,103,2083,4.191652915844971,N,2,2081,99.90398463754201,2,0.09601536245799328,0,0.0,0,0.0,0,0.0
test,105,2572,5.175675131806657,N,3,2526,98.21150855365475,0,0.0,41,1.594090202177294,0,0.0,5,0.19440124416796267
test,111,2124,4.274157846017628,N,2,2123,99.95291902071564,0,0.0,1,0.047080979284369114,0,0.0,0,0.0
test,113,1794,3.6100937738962453,N,2,1788,99.66555183946488,6,0.33444816053511706,0,0.0,0,0.0,0,0.0
test,117,1534,3.086891777679398,N,2,1533,99.9348109517601,1,0.0651890482398957,0,0.0,0,0.0,0,0.0
test,121,1862,3.7469312190606514,N,3,1860,99.89258861439313,1,0.05370569280343716,1,0.05370569280343716,0,0.0,0,0.0
test,123,1517,3.052682416388296,N,2,1514,99.8022412656559,0,0.0,3,0.1977587343441002,0,0.0,0,0.0
test,200,2600,5.23201996216847,N,4,1742,67.0,30,1.153846153846154,826,31.769230769230774,2,0.07692307692307693,0,0.0
test,202,2135,4.296293315088341,N,4,2060,96.4871194379391,55,2.576112412177986,19,0.8899297423887589,1,0.046838407494145196,0,0.0
test,210,2648,5.328611099931582,N,4,2421,91.42749244712991,22,0.8308157099697886,195,7.36404833836858,10,0.3776435045317221,0,0.0
test,212,2747,5.527830321567996,N,1,2747,100.0,0,0.0,0,0.0,0,0.0,0,0.0
test,213,3250,6.540024952710589,N,4,2640,81.23076923076923,28,0.8615384615384615,220,6.769230769230769,362,11.138461538461538,0,0.0
test,214,2260,4.54783273634644,N,4,2001,88.53982300884957,0,0.0,256,11.327433628318584,1,0.04424778761061947,2,0.08849557522123894
test,219,2154,4.334527307119572,N,4,2082,96.65738161559888,7,0.32497678737233054,64,2.971216341689879,1,0.04642525533890436,0,0.0
test,221,2427,4.883889403147261,N,2,2031,83.68355995055624,0,0.0,396,16.31644004944376,0,0.0,0,0.0
test,222,2482,4.994566748500825,N,2,2273,91.57937147461725,209,8.420628525382757,0,0.0,0,0.0,0,0.0
test,228,2053,4.131283454743027,N,3,1688,82.22113979542134,3,0.14612761811982464,362,17.63273258645884,0,0.0,0,0.0
test,231,1570,3.159335131001731,N,3,1567,99.80891719745223,1,0.06369426751592357,2,0.12738853503184713,0,0.0,0,0.0
test,232,1780,3.581921358715338,S,2,398,22.359550561797754,1382,77.64044943820225,0,0.0,0,0.0,0,0.0
test,233,3077,6.191894393689379,N,4,2229,72.44068898277543,7,0.22749431264218392,830,26.974325641858954,11,0.35749106272343195,0,0.0
test,234,2753,5.539904213788384,N,3,2700,98.07482746095168,50,1.8162005085361426,3,0.10897203051216856,0,0.0,0,0.0
