partition,aami_class,valid_rr_count,mean_sec,std_sec,median_sec,min_sec,max_sec,p1,p5,p25,p50,p75,p95,p99
train,N,36936,0.7684239856328062,0.1860871843546983,0.7277777777777777,0.2861111111111111,3.772222222222222,0.4083333333333333,0.5166666666666667,0.6638888888888889,0.7277777777777777,0.8638888888888889,1.1305555555555555,1.299027777777782
train,S,821,0.5033428068750846,0.13644476294902463,0.49166666666666664,0.33611111111111114,1.0888888888888888,0.35,0.3638888888888889,0.39166666666666666,0.49166666666666664,0.5583333333333333,0.7111111111111111,1.0194444444444437
train,V,3072,0.5280924479166665,0.15154830168911979,0.5027777777777778,0.25,1.275,0.3,0.35,0.45,0.5027777777777778,0.5527777777777778,0.9305555555555556,1.0571666666666666
train,F,408,0.5979643246187364,0.10802616568838078,0.5833333333333334,0.3388888888888889,2.111111111111111,0.4974166666666667,0.5305555555555556,0.5611111111111111,0.5833333333333334,0.6055555555555555,0.678611111111111,1.1105277777777778
train,Q,8,1.0503472222222223,0.811875873178329,0.7777777777777778,0.3638888888888889,3.1277777777777778,0.3780833333333333,0.4348611111111111,0.6979166666666667,0.7777777777777778,0.9993055555555556,2.4083333333333323,2.983888888888888
val,N,8896,0.9441752847721823,0.28576962159992675,0.9222222222222223,0.5944444444444444,14.738888888888889,0.6638888888888889,0.7138888888888889,0.8361111111111111,0.9222222222222223,1.011111111111111,1.2916666666666667,1.4166666666666667
val,S,123,0.5247967479674797,0.09135247043581197,0.5027777777777778,0.44722222222222224,1.1,0.45122222222222225,0.46416666666666667,0.48055555555555557,0.5027777777777778,0.5180555555555556,0.7152777777777777,0.916388888888889
val,V,714,0.7722766884531591,3.7223561842759874,0.5472222222222223,0.3611111111111111,100.02222222222223,0.4225833333333333,0.5138888888888888,0.5305555555555556,0.5472222222222223,0.6416666666666667,1.0583333333333333,1.2089444444444444
val,F,6,1.0787037037037037,0.25081485856795577,1.015277777777778,0.8111111111111111,1.6111111111111112,0.8188888888888889,0.85,0.9729166666666667,1.015277777777778,1.0493055555555557,1.4715277777777778,1.5831944444444446
test,N,44221,0.828003914681059,0.2501217091259697,0.7888888888888889,0.32222222222222224,5.872222222222222,0.45555555555555555,0.5527777777777778,0.6611111111111111,0.7888888888888889,0.9277777777777778,1.2138888888888888,1.6833333333333333
test,S,1837,0.672226758604004,0.10955399341997171,0.7222222222222222,0.32222222222222224,1.2638888888888888,0.3898888888888889,0.4361111111111111,0.6666666666666666,0.7222222222222222,0.7416666666666667,0.7611111111111111,0.7777777777777778
test,V,3219,0.5009121190155673,0.08922525327104161,0.5,0.28888888888888886,1.3916666666666666,0.34444444444444444,0.36944444444444446,0.43333333333333335,0.5,0.5555555555555556,0.6416666666666667,0.7472222222222222
test,F,388,0.5623639747995418,0.06606467260501575,0.5527777777777778,0.4583333333333333,1.6305555555555555,0.5138888888888888,0.5305555555555556,0.5444444444444444,0.5527777777777778,0.5666666666666667,0.59625,0.74625
test,Q,7,0.9400793650793651,0.39077732290880596,0.6694444444444444,0.4722222222222222,1.4861111111111112,0.48188888888888887,0.5205555555555555,0.6458333333333333,0.6694444444444444,1.3305555555555555,1.4427777777777777,1.4774444444444443
