sample_index,time_ms,waveform_value,input_gradient,integrated_gradients,gradcam_importance
0,-200.0,-0.20575616,-0.109989695,0.024930952,0.087932095
1,-197.22222222222223,-0.17477883,0.05019126,-0.00495047,0.087932095
2,-194.44444444444446,-0.14051947,-0.02257245,0.008783033,0.11418648
3,-191.66666666666669,-0.109078504,0.049774103,-0.0040418394,0.16669524
4,-188.88888888888889,-0.08769388,0.032738585,-0.0018069354,0.21920398
5,-186.11111111111111,-0.08125502,-0.006299656,0.0038259237,0.27171275
6,-183.33333333333331,-0.08983252,-0.024925096,0.003568315,0.3188964
7,-180.55555555555554,-0.10840655,-0.01379738,0.0066958102,0.36075506
8,-177.77777777777777,-0.12855688,0.064675756,0.00755806,0.4026136
9,-175.0,-0.14117984,0.43249607,-0.027306506,0.44447225
10,-172.22222222222223,-0.13955131,0.505648,-0.039354667,0.46553248
11,-169.44444444444446,-0.1223993,0.48413077,-0.026710447,0.46579427
12,-166.66666666666666,-0.09616632,-0.24984707,0.005563631,0.46605608
13,-163.88888888888889,-0.07471911,-0.5173784,0.019249639,0.46631792
14,-161.11111111111111,-0.07500841,-0.15123728,0.0067556608,0.44987223
15,-158.33333333333331,-0.10945213,-0.377026,0.01469757,0.41671908
16,-155.55555555555557,-0.17868137,0.026140679,-0.008854685,0.3835659
17,-152.7777777777778,-0.26911575,0.17532915,-0.028288849,0.35041276
18,-150.0,-0.35743433,0.007663589,0.014813433,0.3103795
19,-147.22222222222223,-0.4199307,-0.043981016,0.00668424,0.26346618
20,-144.44444444444443,-0.4419091,0.007305771,-0.028602285,0.21655282
21,-141.66666666666666,-0.4225521,-0.40560797,0.047654733,0.16963947
22,-138.88888888888889,-0.37356675,0.08356348,-0.025071243,0.14540274
23,-136.1111111111111,-0.3132251,0.12826443,-0.024623828,0.14384265
24,-133.33333333333334,-0.25909388,0.20748235,0.0034638953,0.14228258
25,-130.55555555555557,-0.2222965,0.017595615,0.007062542,0.14072247
26,-127.77777777777777,-0.20460902,0.07586585,-0.013210251,0.15516175
27,-125.0,-0.19851701,0.061413303,-0.018298088,0.18560043
28,-122.22222222222221,-0.19012609,-0.103796884,-0.0031535875,0.21603906
29,-119.44444444444446,-0.16477413,-0.08483414,0.0076815835,0.24647774
30,-116.66666666666667,-0.11426574,-0.086276084,0.002403738,0.27610183
31,-113.88888888888889,-0.04301011,0.0924514,-0.0020533942,0.30491138
32,-111.1111111111111,0.030425532,0.13888304,-0.00011041195,0.33372092
33,-108.33333333333334,0.078386344,-0.07239877,-0.011570675,0.36253047
34,-105.55555555555556,0.07459987,0.014351208,0.0010687665,0.37613338
35,-102.77777777777777,0.0057025612,-0.13170417,0.000515127,0.3745296
36,-100.0,-0.12152734,-0.052580442,-0.015981564,0.37292585
37,-97.22222222222223,-0.28087944,0.10741398,-0.037889738,0.3713221
38,-94.44444444444444,-0.43552545,0.124115065,-0.004153991,0.37509945
39,-91.66666666666666,-0.5514348,-0.05536072,0.118259795,0.38425785
40,-88.88888888888889,-0.6096513,-0.006198319,0.023891607,0.39341635
41,-86.11111111111111,-0.6120605,0.063712865,0.094567776,0.40257478
42,-83.33333333333333,-0.57833683,-0.22817832,0.013323928,0.43569788
43,-80.55555555555556,-0.5360018,-0.3206646,-0.066826835,0.49278566
44,-77.77777777777779,-0.5085726,-0.37424597,-0.041111745,0.5498735
45,-75.0,-0.5070456,0.032885455,-0.112878524,0.60696125
46,-72.22222222222221,-0.5277162,0.108058944,-0.20966902,0.6543798
47,-69.44444444444444,-0.5562329,0.024062507,-0.016925288,0.6921292
48,-66.66666666666667,-0.5753747,0.3683464,-0.05916946,0.7298785
49,-63.888888888888886,-0.5730045,0.3365269,-0.038582582,0.7676279
50,-61.11111111111111,-0.5470564,0.5941402,-0.07516659,0.780675
51,-58.333333333333336,-0.50597376,-0.3116277,0.15416948,0.7690198
52,-55.55555555555555,-0.46503842,-0.5937443,-0.028427979,0.75736463
53,-52.77777777777778,-0.44049084,-0.31643617,0.035816967,0.7457095
54,-50.0,-0.44359848,-0.6064769,-0.0013331083,0.7199379
55,-47.22222222222222,-0.476171,-0.30151218,-0.15323,0.68005013
56,-44.44444444444444,-0.52830935,0.097254544,-0.059823107,0.6401623
57,-41.666666666666664,-0.5788734,0.36896697,-0.14477444,0.60027444
58,-38.88888888888889,-0.59899396,0.04941666,0.00044285512,0.5730275
59,-36.11111111111111,-0.5584216,-0.31105256,0.2931799,0.55842143
60,-33.333333333333336,-0.43347523,0.12037274,0.06731556,0.54381543
61,-30.555555555555554,-0.21426614,-0.36910963,0.08000172,0.5292094
62,-27.777777777777775,0.09162445,-0.2191565,-0.018386226,0.52859044
63,-25.0,0.46125185,-0.084047094,-0.00013950633,0.5419587
64,-22.22222222222222,0.8645349,0.29121327,0.35989657,0.5553268
65,-19.444444444444446,1.2760736,0.22225425,0.26744038,0.568695
66,-16.666666666666668,1.6854855,0.15547077,0.32775018,0.59995985
67,-13.888888888888888,2.1006901,0.21578084,0.18388115,0.64912117
68,-11.11111111111111,2.5409844,-0.04249308,-0.18269695,0.6982826
69,-8.333333333333334,3.02119,0.034754943,-0.343529,0.74744403
70,-5.555555555555555,3.532491,-0.09926091,-0.0124228485,0.7928529
71,-2.7777777777777777,4.02791,-0.1212659,0.20813298,0.83450913
72,0.0,4.419969,0.021147106,0.43653142,0.8761653
73,2.7777777777777777,4.5950317,0.07515446,0.56372756,0.9178216
74,5.555555555555555,4.4436064,0.1087554,0.52466327,0.947414
75,8.333333333333334,3.8993864,0.20219092,0.6507206,0.96494263
76,11.11111111111111,2.9737563,0.2473619,0.6370965,0.98247135
77,13.888888888888888,1.7699968,-0.0121851005,0.038210295,1.0
78,16.666666666666668,0.4660919,-0.1615812,-0.06991279,0.98723525
79,19.444444444444446,-0.73227787,-0.16099894,0.10053841,0.94417703
80,22.22222222222222,-1.6516954,-0.15983017,0.22774397,0.9011189
81,25.0,-2.1990395,0.17962235,-0.38254744,0.8580607
82,27.777777777777775,-2.3783102,0.115883775,-0.20915844,0.8386676
83,30.555555555555554,-2.2728167,0.024502559,0.0629761,0.8429396
84,33.333333333333336,-2.0050795,0.07999019,-0.3244474,0.84721166
85,36.11111111111111,-1.6937637,-0.012471698,0.020091916,0.8514837
86,38.88888888888889,-1.4234838,-0.062015153,0.051555745,0.85096806
87,41.666666666666664,-1.2339839,-0.027054645,-0.042492818,0.84566474
88,44.44444444444444,-1.1261334,-0.27618623,0.2862707,0.8403614
89,47.22222222222222,-1.0772182,-0.17402254,0.18693072,0.8350581
90,50.0,-1.0575914,-0.1708057,0.3947117,0.8392673
91,52.77777777777778,-1.0431447,-0.09473224,0.2859293,0.85298914
92,55.55555555555555,-1.0211501,-0.0506473,0.15745305,0.8667109
93,58.333333333333336,-0.9896462,-0.08226355,0.024938496,0.8804327
94,61.11111111111111,-0.95253414,0.53333753,-0.62032706,0.8321486
95,63.888888888888886,-0.91384554,0.23945296,-0.16580339,0.72185844
96,66.66666666666667,-0.87451786,0.38484883,-0.5198804,0.6115683
97,69.44444444444444,-0.83307195,0.34142712,-0.13858059,0.5012782
98,72.22222222222221,-0.78881276,0.34016153,-0.16251379,0.39237013
99,75.0,-0.7445307,0.027683802,0.20739406,0.2848441
100,77.77777777777779,-0.7063377,0.21093342,0.02749189,0.17731811
101,80.55555555555556,-0.6806115,0.07522167,0.14564829,0.06979209
102,83.33333333333333,-0.6702195,-0.028518097,0.14703168,0.02346037
103,86.11111111111111,-0.6726593,0.056238607,0.014281335,0.038322937
104,88.88888888888889,-0.6812434,-0.24785823,0.1608896,0.053185508
105,91.66666666666666,-0.68824357,0.2851236,-0.10134018,0.068048075
106,94.44444444444444,-0.6878368,0.09861558,-0.009358925,0.084917255
107,97.22222222222223,-0.67745614,-0.14985846,0.07177605,0.103793055
108,100.0,-0.65766704,0.2547682,-0.21281016,0.12266884
109,102.77777777777777,-0.63145185,-0.2138671,-0.01665599,0.14154464
110,105.55555555555556,-0.60340226,0.11574353,-0.13024312,0.1614512
111,108.33333333333334,-0.578636,-0.0053984076,-0.029333824,0.1823885
112,111.1111111111111,-0.56117344,-0.15271747,-0.01457167,0.20332582
113,113.88888888888889,-0.55215675,0.13268746,-0.022416921,0.22426313
114,116.66666666666667,-0.5489773,-0.63325566,0.09483283,0.2367071
115,119.44444444444446,-0.546261,0.08280865,-0.06089933,0.24065775
116,122.22222222222221,-0.5385747,-0.65749896,0.09191058,0.24460839
117,125.0,-0.5234522,-0.59937906,0.086357355,0.24855903
118,127.77777777777777,-0.50298136,0.20091803,-0.090739764,0.24365126
119,130.55555555555557,-0.48304614,-0.36268947,-0.00026410999,0.22988506
120,133.33333333333334,-0.47062564,0.31292576,-0.038813725,0.21611887
121,136.1111111111111,-0.47038725,0.16990192,-0.0437829,0.20235269
122,138.88888888888889,-0.48197022,0.1238006,-0.032579023,0.18034762
123,141.66666666666666,-0.4991507,0.100857586,-0.019426696,0.15010372
124,144.44444444444443,-0.5115954,0.0644151,-0.024798177,0.119859815
125,147.22222222222223,-0.5089229,-0.100442834,0.03847382,0.089615904
126,150.0,-0.48539844,-0.14240503,0.023452427,0.06459183
127,152.7777777777778,-0.44270876,0.0807733,-0.03632977,0.0447876
128,155.55555555555557,-0.38893276,0.29544777,-0.041905556,0.024983363
129,158.33333333333331,-0.3340807,-0.13855772,-0.004695666,0.0051791295
130,161.11111111111111,-0.2849721,0.24933434,-0.038406234,0.0
131,163.88888888888889,-0.24284871,0.010812284,-0.013087462,0.009445974
132,166.66666666666666,-0.20515583,-0.012930806,-0.0069639473,0.018891947
133,169.44444444444446,-0.16971311,0.13279352,-0.014753166,0.028337922
134,172.22222222222223,-0.13762507,0.0021272823,-0.002032531,0.04580117
135,175.0,-0.11236785,0.123791665,-0.0081557445,0.071281694
136,177.77777777777777,-0.0957074,0.24278682,-0.011349719,0.09676222
137,180.55555555555554,-0.0839038,0.08015761,-1.4060994e-05,0.122242734
138,183.33333333333331,-0.06778193,0.055184223,-0.011360503,0.15086682
139,186.11111111111111,-0.03747116,-0.1032086,-0.001178287,0.18263449
140,188.88888888888889,0.011038359,-0.0756174,0.0001249085,0.21440214
141,191.66666666666669,0.07207388,0.2724979,0.021347614,0.24616979
142,194.44444444444446,0.1320902,-0.22508064,-0.020104693,0.27339163
143,197.22222222222223,0.17625523,0.066595875,0.00225397,0.29606766
144,200.0,0.195959,-0.022158757,-0.018120864,0.31874368
145,202.77777777777777,0.19316743,0.0028431155,-0.014727941,0.3414197
146,205.55555555555554,0.17981245,0.2541144,0.03171019,0.36475313
147,208.33333333333334,0.17322142,0.018471463,0.01049365,0.388744
148,211.11111111111111,0.19008753,-0.15181288,0.028591532,0.41273487
149,213.88888888888889,0.24125865,-0.35218227,0.0021905177,0.43672574
150,216.66666666666669,0.32859397,-0.2908717,-0.0055648056,0.45234329
151,219.44444444444443,0.4443167,-0.12490673,-0.039150193,0.45958742
152,222.2222222222222,0.5728664,0.28654867,0.076083414,0.46683162
153,225.0,0.69479114,0.074270576,0.044400606,0.4740758
154,227.77777777777777,0.79153144,0.3605816,0.05852942,0.4794039
155,230.55555555555557,0.8495668,-0.23428433,-0.068383366,0.482816
156,233.33333333333334,0.8629153,0.23552483,0.15764135,0.4862281
157,236.11111111111111,0.8340653,-0.012000777,0.09726401,0.48964018
158,238.8888888888889,0.77398676,-0.05616208,0.099993445,0.49748468
159,241.66666666666666,0.70128417,-0.047431085,0.020394228,0.5097615
160,244.44444444444443,0.6395037,-0.19789259,-0.07135585,0.52203834
161,247.22222222222223,0.61154413,-0.14684303,-0.1012437,0.5343152
162,250.0,0.6318199,-0.426039,-0.1852898,0.5438111
163,252.77777777777777,0.6992721,-0.11316374,-0.06478328,0.5505261
164,255.55555555555554,0.7953622,-0.120686896,0.026750043,0.55724096
165,258.33333333333337,0.8894371,0.11721142,0.12827885,0.56395596
166,261.11111111111114,0.9500431,0.12939145,0.16571508,0.5541844
167,263.8888888888889,0.9572008,0.035898983,0.10298448,0.52792627
168,266.6666666666667,0.90968853,-0.019112613,0.060474034,0.5016682
169,269.44444444444446,0.8238311,-0.045633443,0.027528126,0.47541013
170,272.2222222222222,0.7248201,0.021820828,-0.018395001,0.44671583
171,275.0,0.63539755,-0.086645335,-0.09717963,0.41558516
172,277.77777777777777,0.5675185,-0.09154679,-0.056988936,0.3844545
173,280.55555555555554,0.52026284,-0.11530891,-0.035115372,0.35332388
174,283.3333333333333,0.48372096,-0.11655826,0.0021837712,0.3376598
175,286.1111111111111,0.4460162,0.11288427,0.09226593,0.3374624
176,288.88888888888886,0.39992207,0.15385592,0.099731505,0.33726493
177,291.6666666666667,0.34633377,0.1025918,0.059020795,0.33706748
178,294.44444444444446,0.29347998,0.038141076,0.020323005,0.3415586
179,297.22222222222223,0.2526398,-0.1284783,-0.01187829,0.35073823
180,300.0,0.23260535,-0.35094494,-0.023553003,0.35991788
181,302.77777777777777,0.235593,-0.23552793,-0.03614412,0.3690975
182,305.5555555555556,0.2565029,0.13236734,0.04264918,0.37404612
183,308.33333333333337,0.28565955,0.34238368,0.0610489,0.37476364
184,311.11111111111114,0.31323698,0.36229643,0.07456127,0.3754812
185,313.88888888888886,0.3326569,-0.032641847,-0.008351605,0.37619874
186,316.66666666666663,0.34108436,0.018013898,0.023529598,0.36434054
187,319.4444444444444,0.3372516,0.0059220567,-0.006936385,0.33990666
188,322.22222222222223,0.3187893,0.009727174,-0.007965952,0.3154728
189,325.0,0.28167358,0.14360853,0.03856939,0.29103893
190,327.77777777777777,0.22283411,0.101722404,0.009443026,0.27074763
191,330.55555555555554,0.14436214,0.21791007,0.028592654,0.25459892
192,333.3333333333333,0.056129202,-0.118444785,0.0026063975,0.23845023
193,336.11111111111114,-0.025639398,-0.08934797,0.00026373885,0.22230153
194,338.8888888888889,-0.083785154,-0.052876957,0.0022600153,0.2141485
195,341.6666666666667,-0.10717383,-0.033949785,0.014169317,0.21399125
196,344.44444444444446,-0.095845595,-0.06562725,0.012260049,0.21383394
197,347.22222222222223,-0.061816487,0.03947514,-0.0042893933,0.21367669
198,350.0,-0.024858288,0.20540233,-0.004886131,0.23945376
199,352.7777777777778,-0.0047292663,0.050577633,-0.0005602542,0.29116517
200,355.55555555555554,-0.012994208,0.103672296,-0.0009788722,0.34287658
201,358.3333333333333,-0.048058562,0.061700474,-0.0012155878,0.394588
202,361.1111111111111,-0.09590863,0.12828755,-0.002296787,0.4439534
203,363.88888888888886,-0.1365374,0.17116088,-0.018485185,0.49097273
204,366.66666666666663,-0.1532529,0.14046106,-0.024541339,0.53799206
205,369.44444444444446,-0.14048786,0.033855014,0.002653279,0.58501136
206,372.22222222222223,-0.106286325,0.5789448,-0.03431271,0.60584635
207,375.0,-0.06823196,0.023491502,0.008877178,0.60049695
208,377.77777777777777,-0.04505991,-0.58216774,0.012476167,0.5951476
209,380.55555555555554,-0.048609596,-0.21038249,0.0032632472,0.5897982
210,383.33333333333337,-0.08037002,-0.32356527,-0.0022441763,0.5562642
211,386.11111111111114,-0.13366145,-0.021684077,-0.019197918,0.4945456
212,388.8888888888889,-0.19877698,-0.03904001,0.01347106,0.43282706
213,391.6666666666667,-0.26702464,-0.2907853,0.10501729,0.37110844
214,394.44444444444446,-0.3315066,0.09828988,-0.01895899,0.34024918
215,397.2222222222222,-0.38579994,-0.08161713,0.17351137,0.34024918
